{"cameraMode":{"drawMode":0,"name":"Shaded","section":"Shading Mode"},"sceneLighting":true,"audioPlay":false,"sceneViewState":{"m_AlwaysRefresh":false,"showFog":true,"showSkybox":true,"showFlares":true,"showImageEffects":true,"showParticleSystems":true,"showVisualEffectGraphs":true,"m_FxEnabled":true},"in2DMode":false,"pivot":{"x":-1.2673125267028809,"y":-0.29033803939819338,"z":-8.127822875976563},"rotation":{"x":-0.10470682382583618,"y":0.7506790161132813,"z":-0.12268517911434174,"w":-0.6406753063201904},"size":10.763136863708496,"orthographic":false}